﻿<?xml version="1.0" encoding="utf-8"?>
<deployment>
  <id>a991b764-ee61-400c-b33e-bebbb7579fda</id>
  <author>N/A</author>
  <deployer>OneDeploy</deployer>
  <authorEmail>N/A</authorEmail>
  <message>OneDeploy</message>
  <progress></progress>
  <status>Success</status>
  <statusText></statusText>
  <lastSuccessEndTime>2025-08-10T22:09:34.1246524Z</lastSuccessEndTime>
  <receivedTime>2025-08-10T22:08:53.8422601Z</receivedTime>
  <startTime>2025-08-10T22:08:55.4835049Z</startTime>
  <endTime>2025-08-10T22:09:34.1246524Z</endTime>
  <complete>True</complete>
  <is_temp>False</is_temp>
  <is_readonly>True</is_readonly>
  <buildSummary />
</deployment>