<step title="BackgroundTrace" date="2025-08-10T22:08:50.266" instance="9be4b8" url="/api/publish" method="POST" >
  <step title="Creating temporary deployment - FetchDeploymentManager" date="2025-08-10T22:08:50.339" /><!-- duration: 6ms -->
  <step title="Creating temporary deployment" date="2025-08-10T22:08:50.349" /><!-- duration: 73ms -->
  <step title="Performing fetch based deployment" date="2025-08-10T22:08:50.502" >
    <step title="Cleaning up temp folders from previous zip deployments and extracting pushed zip file /tmp/zipdeploy/ffd0de54-4cf0-44e6-bb18-6445f6899d1a.zip (0.13 MB) to /tmp/zipdeploy/extracted" date="2025-08-10T22:08:51.671" >
      <step title="ChmodRecursive Process exited with total time taken in ms: 20" date="2025-08-10T22:08:51.734" /><!-- duration: 4ms -->
    </step><!-- duration: 71ms -->
    <step title="Deployment timer started" date="2025-08-10T22:08:53.755" >
      <step title="DeploymentManager.Deploy(id:a991b764-ee61-400c-b33e-bebbb7579fda)" date="2025-08-10T22:08:53.765" >
        <step title="Collecting changeset information" date="2025-08-10T22:08:53.797" /><!-- duration: 105ms -->
        <step title="Updating submodules" date="2025-08-10T22:08:53.913" /><!-- duration: 1123ms -->
        <step title="Determining deployment builder" date="2025-08-10T22:08:55.553" >
          <step title="Builder is OryxBuilder" date="2025-08-10T22:08:55.569" /><!-- duration: 4ms -->
        </step><!-- duration: 25ms -->
        <step title="PreDeployment: context.CleanOutputPath False" date="2025-08-10T22:08:55.630" >
          <step title="PreDeployment: context.OutputPath /home/site/wwwroot" date="2025-08-10T22:08:55.743" >
            <step title="Building" date="2025-08-10T22:08:55.878" >
              <step title="Executing external process" date="2025-08-10T22:08:56.167" type="process" path="bash" arguments="-c &quot;oryx build /tmp/zipdeploy/extracted -o /home/site/wwwroot --platform nodejs --platform-version 20 -p virtualenv_name= --log-file /tmp/build-debug.log  -i /tmp/8ddd85a7f990c4b -p compress_node_modules=tar-gz | tee /tmp/oryx-build.log ; exit $PIPESTATUS &quot;" /><!-- duration: 35630ms -->
              <step title="Using GenericDeploymentLogParser" date="2025-08-10T22:09:32.199" /><!-- duration: 5ms -->
              <step title="Modified file to trigger a restart of the app container." date="2025-08-10T22:09:33.696" /><!-- duration: 9ms -->
              <step title="Skip function trigger and logicapp sync because function is not enabled." date="2025-08-10T22:09:33.716" /><!-- duration: 6ms -->
              <step title="Purge deployment items" date="2025-08-10T22:09:34.466" >
                <step title="Remove 1b3ec457-, Failed, received at 08/10/2025 21:57:46" date="2025-08-10T22:09:34.526" /><!-- duration: 6ms -->
              </step><!-- duration: 74ms -->
            </step><!-- duration: 38726ms -->
          </step><!-- duration: 38864ms -->
          <step title="Cleaning up temp files" date="2025-08-10T22:09:34.612" /><!-- duration: 651ms -->
          <step title="Cleaning up temp files" date="2025-08-10T22:09:35.274" /><!-- duration: 507ms -->
          <step title="Reloading status file with latest updates" date="2025-08-10T22:09:35.837" >
            <step title="WebHooksManager.PublishEventAsync: PostDeployment" date="2025-08-10T22:09:35.844" /><!-- duration: 48ms -->
          </step><!-- duration: 61ms -->
          <step title="Cleaning up temporary deployment - fetch deployment was successful" date="2025-08-10T22:09:35.908" /><!-- duration: 5ms -->
        </step><!-- duration: 40354ms -->
      </step><!-- duration: 42247ms -->
