<step title="BackgroundTrace" date="2025-08-11T12:41:01.785" instance="9e4b27" url="/api/zipdeploy" method="POST" >
  <step title="Creating temporary deployment - FetchDeploymentManager" date="2025-08-11T12:41:01.872" /><!-- duration: 2ms -->
  <step title="Creating temporary deployment" date="2025-08-11T12:41:01.878" /><!-- duration: 48ms -->
  <step title="Performing fetch based deployment" date="2025-08-11T12:41:01.989" >
    <step title="Cleaning up temp folders from previous zip deployments and extracting pushed zip file /tmp/zipdeploy/c5ac0213-9af8-46ee-96a2-8ffc57841e28.zip (0.14 MB) to /tmp/zipdeploy/extracted" date="2025-08-11T12:41:03.145" >
      <step title="ChmodRecursive Process exited with total time taken in ms: 20" date="2025-08-11T12:41:03.204" /><!-- duration: 6ms -->
    </step><!-- duration: 70ms -->
    <step title="Deployment timer started" date="2025-08-11T12:41:05.227" >
      <step title="DeploymentManager.Deploy(id:bcc69663-2341-42df-8871-91c44465f7dc)" date="2025-08-11T12:41:05.234" >
        <step title="Collecting changeset information" date="2025-08-11T12:41:05.251" /><!-- duration: 94ms -->
        <step title="Updating submodules" date="2025-08-11T12:41:05.359" /><!-- duration: 1119ms -->
        <step title="Determining deployment builder" date="2025-08-11T12:41:06.687" >
          <step title="Builder is OryxBuilder" date="2025-08-11T12:41:06.699" /><!-- duration: 3ms -->
        </step><!-- duration: 18ms -->
        <step title="PreDeployment: context.CleanOutputPath False" date="2025-08-11T12:41:06.749" >
          <step title="PreDeployment: context.OutputPath /home/site/wwwroot" date="2025-08-11T12:41:06.843" >
            <step title="Building" date="2025-08-11T12:41:06.959" >
              <step title="Executing external process" date="2025-08-11T12:41:07.231" type="process" path="bash" arguments="-c &quot;oryx build /tmp/zipdeploy/extracted -o /home/site/wwwroot --platform nodejs --platform-version 20 -p virtualenv_name= --log-file /tmp/build-debug.log  -i /tmp/8ddd8d457606e2e -p compress_node_modules=tar-gz | tee /tmp/oryx-build.log ; exit $PIPESTATUS &quot;" /><!-- duration: 19677ms -->
              <step title="Using GenericDeploymentLogParser" date="2025-08-11T12:41:27.323" /><!-- duration: 8ms -->
              <step title="Triggering recycle (preview mode disabled)." date="2025-08-11T12:41:28.383" /><!-- duration: 8ms -->
              <step title="Modified file to trigger a restart of the app container." date="2025-08-11T12:41:28.438" /><!-- duration: 4ms -->
              <step title="Skip function trigger and logicapp sync because function is not enabled." date="2025-08-11T12:41:28.448" /><!-- duration: 6ms -->
            </step><!-- duration: 22153ms -->
          </step><!-- duration: 22277ms -->
          <step title="Cleaning up temp files" date="2025-08-11T12:41:29.124" /><!-- duration: 990ms -->
          <step title="Cleaning up temp files" date="2025-08-11T12:41:30.123" /><!-- duration: 505ms -->
          <step title="Reloading status file with latest updates" date="2025-08-11T12:41:30.679" >
            <step title="WebHooksManager.PublishEventAsync: PostDeployment" date="2025-08-11T12:41:30.686" /><!-- duration: 37ms -->
          </step><!-- duration: 48ms -->
          <step title="Cleaning up temporary deployment - fetch deployment was successful" date="2025-08-11T12:41:30.733" /><!-- duration: 3ms -->
        </step><!-- duration: 24039ms -->
      </step><!-- duration: 25577ms -->
