<step title="Incoming Request" date="2025-08-11T13:06:53.504" instance="9e4b27" url="/api/zipdeploy?isAsync=true" method="POST" type="request" pid="821,1,14" Accept="*/*" Host="games-raffle-backend-api.scm.azurewebsites.net" User-Agent="AZURECLI/2.76.0 (DEB)" Accept-Encoding="gzip, deflate" Authorization="Bea..." Cache-Control="no-cache" Content-Type="application/octet-stream" Cookie="ARRAffinity=9e4b270e0584eeea114b1e7e9ec5063bca2c49bc15c589347c17d8de66ae034c; ARRAffinitySameSite=9e4b270e0584eeea114b1e7e9ec5063bca2c49bc15c589347c17d8de66ae034c" Content-Length="146228" x-ms-client-request-id="0a525702-76b4-11f0-8d07-7c1e52e3ddc2" x-ms-artifact-checksum="a0e27db121120bfd4c9fb6cd1657ad5e7246ee40d8150d4d9ba5012eb49ab6a6" X-ARR-LOG-ID="0a525702-76b4-11f0-8d07-7c1e52e3ddc2" CLIENT-IP="135.237.130.227:25113" X-SITE-DEPLOYMENT-ID="games-raffle-backend-api" WAS-DEFAULT-HOSTNAME="games-raffle-backend-api.scm.azurewebsites.net" X-Forwarded-Proto="https" X-AppService-Proto="https" X-Forwarded-TlsVersion="1.3" X-WAWS-Unencoded-URL="/api/zipdeploy?isAsync=true" X-Client-IP="135.237.130.227" X-Client-Port="25113" >
  <step title="ZipPushDeploy" date="2025-08-11T13:06:53.526" >
    <step title="ZipDeploy. Extract zip. Remote build." date="2025-08-11T13:06:53.534" /><!-- duration: 3ms -->
    <step title="None repository commit" date="2025-08-11T13:06:53.551" >
      <step title="Commit id: e0d0b4bf-118a-48db-be1c-72d778535c33" date="2025-08-11T13:06:53.554" Message="N/A" AuthorName="N/A" AuthorEmail="N/A" /><!-- duration: 3ms -->
    </step><!-- duration: 9ms -->
    <step title="Starting PushDeployAsync" date="2025-08-11T13:06:53.563" /><!-- duration: 3ms -->
    <step title="Removing node_modules symlink" date="2025-08-11T13:06:53.581" >
      <step title="Removing _del_node_modules symlink" date="2025-08-11T13:06:53.615" >
        <step title="Writing artifact to /tmp/zipdeploy/a10bff24-4d51-4c66-84b9-75a3e7eec51c.zip" date="2025-08-11T13:06:53.628" >
          <step title="Writing multipart request body to /tmp/zipdeploy/a10bff24-4d51-4c66-84b9-75a3e7eec51c.zip" date="2025-08-11T13:06:53.632" /><!-- duration: 4ms -->
        </step><!-- duration: 24ms -->
        <step title="Removing previous build artifact&apos;s manifest file" date="2025-08-11T13:06:53.658" >
          <step title="Start deployment in the background" date="2025-08-11T13:06:53.669" >
            <step title="Acquiring Deployment Lock" date="2025-08-11T13:06:53.679" /><!-- duration: 6ms -->
            <step title="Acquired Deployment Lock" date="2025-08-11T13:06:53.730" /><!-- duration: 4ms -->
          </step><!-- duration: 131ms -->
        </step><!-- duration: 148ms -->
        <step title="Outgoing response" date="2025-08-11T13:06:53.813" type="response" statusCode="202" statusText="Accepted" /><!-- duration: 3ms -->
      </step><!-- duration: 205ms -->
