<step title="Incoming Request" date="2025-08-10T21:57:42.525" instance="9be4b8" url="/api/zipdeploy?isAsync=true" method="POST" type="request" pid="821,1,5" Accept="*/*" Host="games-raffle-backend-api.scm.azurewebsites.net" User-Agent="AZURECLI/2.76.0 (DEB)" Accept-Encoding="gzip, deflate" Authorization="Bea..." Cache-Control="no-cache" Content-Type="application/octet-stream" Content-Length="141018" x-ms-client-request-id="f39e2286-7634-11f0-85ed-7c1e52b0b038" x-ms-artifact-checksum="1e58a80f77b1658af977d930c4ad709bacaca3b2e80ce7c5b80e6fffac14f68c" X-ARR-LOG-ID="f39e2286-7634-11f0-85ed-7c1e52b0b038" CLIENT-IP="135.237.130.225:36360" X-SITE-DEPLOYMENT-ID="games-raffle-backend-api" WAS-DEFAULT-HOSTNAME="games-raffle-backend-api.scm.azurewebsites.net" X-Forwarded-Proto="https" X-AppService-Proto="https" X-Forwarded-TlsVersion="1.3" X-WAWS-Unencoded-URL="/api/zipdeploy?isAsync=true" X-Client-IP="135.237.130.225" X-Client-Port="36360" >
  <step title="ZipPushDeploy" date="2025-08-10T21:57:42.783" >
    <step title="ZipDeploy. Extract zip. Remote build." date="2025-08-10T21:57:42.796" /><!-- duration: 3ms -->
    <step title="None repository commit" date="2025-08-10T21:57:42.807" >
      <step title="Commit id: 1b3ec457-6d15-4cf9-82d1-16666930f4a5" date="2025-08-10T21:57:42.810" Message="N/A" AuthorName="N/A" AuthorEmail="N/A" /><!-- duration: 3ms -->
    </step><!-- duration: 10ms -->
    <step title="Starting PushDeployAsync" date="2025-08-10T21:57:42.822" /><!-- duration: 4ms -->
    <step title="Writing artifact to /tmp/zipdeploy/b4441ea9-767c-4ac2-8304-c3d72d533e72.zip" date="2025-08-10T21:57:42.843" >
      <step title="Writing multipart request body to /tmp/zipdeploy/b4441ea9-767c-4ac2-8304-c3d72d533e72.zip" date="2025-08-10T21:57:42.847" /><!-- duration: 3ms -->
    </step><!-- duration: 23ms -->
    <step title="Start deployment in the background" date="2025-08-10T21:57:42.877" >
      <step title="Acquiring Deployment Lock" date="2025-08-10T21:57:42.903" /><!-- duration: 5ms -->
      <step title="Acquired Deployment Lock" date="2025-08-10T21:57:42.954" /><!-- duration: 6ms -->
    </step><!-- duration: 186ms -->
  </step><!-- duration: 285ms -->
  <step title="Outgoing response" date="2025-08-10T21:57:43.081" type="response" statusCode="202" statusText="Accepted" /><!-- duration: 5ms -->
</step><!-- duration: 568ms -->
