<step title="Incoming Request" date="2025-08-11T12:57:19.577" instance="9e4b27" url="/api/zipdeploy?isAsync=true" method="POST" type="request" pid="821,1,26" Accept="*/*" Host="games-raffle-backend-api.scm.azurewebsites.net" User-Agent="AZURECLI/2.76.0 (DEB)" Accept-Encoding="gzip, deflate" Authorization="Bea..." Cache-Control="no-cache" Content-Type="application/octet-stream" Cookie="ARRAffinity=9e4b270e0584eeea114b1e7e9ec5063bca2c49bc15c589347c17d8de66ae034c; ARRAffinitySameSite=9e4b270e0584eeea114b1e7e9ec5063bca2c49bc15c589347c17d8de66ae034c" Content-Length="146224" x-ms-client-request-id="b276db8a-76b2-11f0-9a15-7c1e52e3ddc2" x-ms-artifact-checksum="1aefbfe90827640b92f4b5faf73786418097f64b017ee4bdc5a5ade61c75f343" X-ARR-LOG-ID="b276db8a-76b2-11f0-9a15-7c1e52e3ddc2" CLIENT-IP="135.237.130.227:25114" X-SITE-DEPLOYMENT-ID="games-raffle-backend-api" WAS-DEFAULT-HOSTNAME="games-raffle-backend-api.scm.azurewebsites.net" X-Forwarded-Proto="https" X-AppService-Proto="https" X-Forwarded-TlsVersion="1.3" X-WAWS-Unencoded-URL="/api/zipdeploy?isAsync=true" X-Client-IP="135.237.130.227" X-Client-Port="25114" >
  <step title="Cleanup Xml Logs" date="2025-08-11T12:57:19.587" /><!-- duration: 12ms -->
  <step title="ZipPushDeploy" date="2025-08-11T12:57:19.624" >
    <step title="ZipDeploy. Extract zip. Remote build." date="2025-08-11T12:57:19.637" /><!-- duration: 8ms -->
    <step title="None repository commit" date="2025-08-11T12:57:19.718" >
      <step title="Commit id: 3d4e3805-78ec-4560-b149-52cf89159a1e" date="2025-08-11T12:57:19.723" Message="N/A" AuthorName="N/A" AuthorEmail="N/A" /><!-- duration: 4ms -->
    </step><!-- duration: 12ms -->
    <step title="Starting PushDeployAsync" date="2025-08-11T12:57:19.735" /><!-- duration: 4ms -->
    <step title="Removing node_modules symlink" date="2025-08-11T12:57:19.785" >
      <step title="Removing _del_node_modules symlink" date="2025-08-11T12:57:19.882" >
        <step title="Writing artifact to /tmp/zipdeploy/5ed23466-cc90-4bd1-af21-7196ed7e4028.zip" date="2025-08-11T12:57:19.907" >
          <step title="Writing multipart request body to /tmp/zipdeploy/5ed23466-cc90-4bd1-af21-7196ed7e4028.zip" date="2025-08-11T12:57:19.918" /><!-- duration: 8ms -->
        </step><!-- duration: 49ms -->
        <step title="Removing previous build artifact&apos;s manifest file" date="2025-08-11T12:57:19.969" >
          <step title="Start deployment in the background" date="2025-08-11T12:57:19.983" >
            <step title="Acquiring Deployment Lock" date="2025-08-11T12:57:19.995" /><!-- duration: 4ms -->
            <step title="Acquired Deployment Lock" date="2025-08-11T12:57:20.050" /><!-- duration: 4ms -->
          </step><!-- duration: 153ms -->
        </step><!-- duration: 173ms -->
        <step title="Outgoing response" date="2025-08-11T12:57:20.148" type="response" statusCode="202" statusText="Accepted" /><!-- duration: 3ms -->
      </step><!-- duration: 274ms -->
