<step title="BackgroundTrace" date="2025-08-11T12:57:19.987" instance="9e4b27" url="/api/zipdeploy" method="POST" >
  <step title="Creating temporary deployment - FetchDeploymentManager" date="2025-08-11T12:57:20.057" /><!-- duration: 4ms -->
  <step title="Creating temporary deployment" date="2025-08-11T12:57:20.065" /><!-- duration: 65ms -->
  <step title="Performing fetch based deployment" date="2025-08-11T12:57:20.167" >
    <step title="Cleaning up temp folders from previous zip deployments and extracting pushed zip file /tmp/zipdeploy/5ed23466-cc90-4bd1-af21-7196ed7e4028.zip (0.14 MB) to /tmp/zipdeploy/extracted" date="2025-08-11T12:57:21.329" >
      <step title="ChmodRecursive Process exited with total time taken in ms: 21" date="2025-08-11T12:57:21.386" /><!-- duration: 4ms -->
    </step><!-- duration: 65ms -->
    <step title="Deployment timer started" date="2025-08-11T12:57:23.411" >
      <step title="DeploymentManager.Deploy(id:3d4e3805-78ec-4560-b149-52cf89159a1e)" date="2025-08-11T12:57:23.415" >
        <step title="Collecting changeset information" date="2025-08-11T12:57:23.430" /><!-- duration: 107ms -->
        <step title="Updating submodules" date="2025-08-11T12:57:23.544" /><!-- duration: 1103ms -->
        <step title="Determining deployment builder" date="2025-08-11T12:57:24.862" >
          <step title="Builder is OryxBuilder" date="2025-08-11T12:57:24.874" /><!-- duration: 3ms -->
        </step><!-- duration: 19ms -->
        <step title="PreDeployment: context.CleanOutputPath False" date="2025-08-11T12:57:24.932" >
          <step title="PreDeployment: context.OutputPath /home/site/wwwroot" date="2025-08-11T12:57:25.028" >
            <step title="Building" date="2025-08-11T12:57:25.150" >
              <step title="Executing external process" date="2025-08-11T12:57:25.477" type="process" path="bash" arguments="-c &quot;oryx build /tmp/zipdeploy/extracted -o /home/site/wwwroot --platform nodejs --platform-version 20 -p virtualenv_name= --log-file /tmp/build-debug.log  -i /tmp/8ddd8d69e6aa303 -p compress_node_modules=tar-gz | tee /tmp/oryx-build.log ; exit $PIPESTATUS &quot;" /><!-- duration: 23717ms -->
              <step title="Using GenericDeploymentLogParser" date="2025-08-11T12:57:49.648" /><!-- duration: 6ms -->
              <step title="Triggering recycle (preview mode disabled)." date="2025-08-11T12:57:50.834" /><!-- duration: 4ms -->
              <step title="Modified file to trigger a restart of the app container." date="2025-08-11T12:57:50.892" /><!-- duration: 4ms -->
              <step title="Skip function trigger and logicapp sync because function is not enabled." date="2025-08-11T12:57:50.905" /><!-- duration: 4ms -->
            </step><!-- duration: 26535ms -->
          </step><!-- duration: 26662ms -->
          <step title="Cleaning up temp files" date="2025-08-11T12:57:51.694" /><!-- duration: 714ms -->
          <step title="Cleaning up temp files" date="2025-08-11T12:57:52.412" /><!-- duration: 507ms -->
          <step title="Reloading status file with latest updates" date="2025-08-11T12:57:52.974" >
            <step title="WebHooksManager.PublishEventAsync: PostDeployment" date="2025-08-11T12:57:52.977" /><!-- duration: 45ms -->
          </step><!-- duration: 79ms -->
          <step title="Cleaning up temporary deployment - fetch deployment was successful" date="2025-08-11T12:57:53.061" /><!-- duration: 3ms -->
        </step><!-- duration: 28171ms -->
      </step><!-- duration: 29714ms -->
