<step title="BackgroundTrace" date="2025-08-11T13:06:53.672" instance="9e4b27" url="/api/zipdeploy" method="POST" >
  <step title="Creating temporary deployment - FetchDeploymentManager" date="2025-08-11T13:06:53.737" /><!-- duration: 3ms -->
  <step title="Creating temporary deployment" date="2025-08-11T13:06:53.743" /><!-- duration: 53ms -->
  <step title="Performing fetch based deployment" date="2025-08-11T13:06:53.837" >
    <step title="Cleaning up temp folders from previous zip deployments and extracting pushed zip file /tmp/zipdeploy/a10bff24-4d51-4c66-84b9-75a3e7eec51c.zip (0.14 MB) to /tmp/zipdeploy/extracted" date="2025-08-11T13:06:54.969" >
      <step title="ChmodRecursive Process exited with total time taken in ms: 30" date="2025-08-11T13:06:55.045" /><!-- duration: 6ms -->
    </step><!-- duration: 89ms -->
    <step title="Deployment timer started" date="2025-08-11T13:06:57.068" >
      <step title="DeploymentManager.Deploy(id:e0d0b4bf-118a-48db-be1c-72d778535c33)" date="2025-08-11T13:06:57.076" >
        <step title="Collecting changeset information" date="2025-08-11T13:06:57.089" /><!-- duration: 85ms -->
        <step title="Updating submodules" date="2025-08-11T13:06:57.179" /><!-- duration: 1112ms -->
        <step title="Determining deployment builder" date="2025-08-11T13:06:58.502" >
          <step title="Builder is OryxBuilder" date="2025-08-11T13:06:58.514" /><!-- duration: 3ms -->
        </step><!-- duration: 18ms -->
        <step title="PreDeployment: context.CleanOutputPath False" date="2025-08-11T13:06:58.558" >
          <step title="PreDeployment: context.OutputPath /home/site/wwwroot" date="2025-08-11T13:06:58.725" >
            <step title="Building" date="2025-08-11T13:06:59.141" >
              <step title="Executing external process" date="2025-08-11T13:06:59.412" type="process" path="bash" arguments="-c &quot;oryx build /tmp/zipdeploy/extracted -o /home/site/wwwroot --platform nodejs --platform-version 20 -p virtualenv_name= --log-file /tmp/build-debug.log  -i /tmp/8ddd8d7f4549fce -p compress_node_modules=tar-gz | tee /tmp/oryx-build.log ; exit $PIPESTATUS &quot;" /><!-- duration: 43646ms -->
              <step title="Using GenericDeploymentLogParser" date="2025-08-11T13:07:43.564" /><!-- duration: 3ms -->
              <step title="Triggering recycle (preview mode disabled)." date="2025-08-11T13:07:44.645" /><!-- duration: 6ms -->
              <step title="Modified file to trigger a restart of the app container." date="2025-08-11T13:07:44.683" /><!-- duration: 3ms -->
              <step title="Skip function trigger and logicapp sync because function is not enabled." date="2025-08-11T13:07:44.694" /><!-- duration: 3ms -->
            </step><!-- duration: 46397ms -->
          </step><!-- duration: 46818ms -->
          <step title="Cleaning up temp files" date="2025-08-11T13:07:45.546" /><!-- duration: 706ms -->
          <step title="Cleaning up temp files" date="2025-08-11T13:07:46.260" /><!-- duration: 506ms -->
          <step title="Reloading status file with latest updates" date="2025-08-11T13:07:46.801" >
            <step title="WebHooksManager.PublishEventAsync: PostDeployment" date="2025-08-11T13:07:46.806" /><!-- duration: 124ms -->
          </step><!-- duration: 132ms -->
          <step title="Cleaning up temporary deployment - fetch deployment was successful" date="2025-08-11T13:07:46.965" /><!-- duration: 7ms -->
        </step><!-- duration: 48764ms -->
      </step><!-- duration: 50298ms -->
